old_lahmanID,new_lahmanID
rsaimxx01,simonra01
grasuxx01,rathga01
jferuxx02,fernajo01
kreibxx01,rayboke01
aakiixx01,aquinar01
tbauaxx01,bauertr01
bmootxx01,mortobu01
nsotoxx01,sotone01
kjienxx01,jenseky01
rhowaxx01,whitero01
aaburxx02,abreual01
kmaasxx01,maaske01
cburaxx01,brumbcl01
akasuxx01,castran01
cpoorxx01,paulco01
esutaxx01,stulter01
pinkaxx01,incavpe01
ejonsxx01,johnsel01
bharixx01,harribu01
mhaatxx01,hartlmi01
satchxx01,atchisc01
jhowaxx02,whitejo01
jmaiyxx01,meyerjo01
rbandxx01,vanderi01
tshiexx01,schepta01
ekarixx01,carides01
abaasxx01,bassan01
crobaxx01,roberch01
ddeshxx01,decindo01
mfuraxx01,frankmi01
jurukxx01,urquija01
bsukexx01,scalebo01
bbaadxx01,bardebr01
jhikkxx02,hicksjo01
edesexx01,desseel01
cransxx01,ransoco01
yropexx01,lopezyo01
jdomixx01,dominjo01
tkuruxx01,cruzto01
dhenrxx01,henrydw01
djieexx01,jamesdi01
sparaxx01,perlosa01
tmitcxx01,mitchto01
fsegixx01,seguife01
cmaruxx01,martica01
ckanbxx01,cumbech01
nperexx01,perezne01
abasuxx01,bassad01
tgonzxx01,gonzato01
cgittxx01,gittech01
gheruxx01,germego01
jredoxx01,redmoji01
jdaikxx01,dykstja01
rdeyuxx02,duceyro01
jddeexx01,davisjo01
eshuuxx01,schuler01
mbaumxx01,baumami01
msukuxx01,skrmema01
droocxx01,roachdo01
bsamoxx01,sammobr01
btoomxx01,thomabr01
jhyuuxx01,huberju01
jarubxx01,albaljo01
odikuxx01,dicksok01
rperexx01,perezro01
adeebxx01,davisal01
jmiraxx03,miranju01
aarubxx01,alberan01
rmontxx01,monteri01
ntesuxx01,testani01
lmosuxx01,mosebll01
bmorexx01,morelbr01
jgeraxx01,guerrja01
ktoobxx01,torveke01
omaruxx01,merceor01
lurufxx01,wolfela01
jburuxx02,brookje01
orinaxx01,linarom01
hkotoxx01,cottohe01
akamixx01,caminar01
jgoomxx01,gomesjo01
barenxx01,allenbr01
cmiraxx01,mirabca01
sgiruxx01,gilbesh01
bkonrxx01,conrabr01
pkibuxx01,kivlepa01
mrokkxx01,rochfmi01
dkaikxx01,keuchda01
cboiyxx01,boyercl01
cheinxx01,haneych01
akasuxx02,casteal01
mgomexx01,gomezma01
bdikuxx01,dicksbr01
gburoxx01,blossgr01
raarixx01,erlinro01
dgonzxx02,gonzade01
sandaxx01,andersc01
wkeejxx01,cagewa01
dburexx01,blasido01
mderuxx01,deltomi01
rarenxx01,allenro01
bmaafxx01,murphbi01
chamixx01,hamilcl01
bjienxx01,jenkibo01
jsuchxx01,stewajo01
drobaxx01,roberda01
ssorixx01,solissa01
lgomexx01,gomezle01
jbebaxx01,beverja01
ghaatxx01,hartwgr01
dmeikxx01,mayda01
ruikkxx01,wickro01
ogaruxx01,garcion01
srandxx01,randost01
csupaxx01,spikech01
pmaafxx01,murphpa01
abiinxx01,beenean01
tomarxx01,omallto01
mburaxx01,brantma01
apoinxx01,pointaa01
dgurixx02,greende01
rmattxx01,mattsro01
mkyarxx01,carrema01
dkurixx01,creekdo01
khadoxx01,hadleke01
tferuxx01,fernato01
bpenixx01,pennybr01
jteetxx01,tatumja01
gdattxx01,dotsoge01
tuingxx01,wingetr01
kuittxx01,wittke01
tburaxx02,blancto01
ssonixx01,sonnish01
bgarixx01,gullibi01
rosunxx01,osunaro01
sshaaxx01,shirlst01
tbieixx01,vieirth01
lmedixx01,medinlu01
eyaanxx01,yarnaed01
guindxx01,windhgo01
kkamuxx01,comstke01
jpauexx01,powelje01
eromexx01,romeren01
fkoruxx01,cordefr01
nwaguxx01,wagnene01
rdeyuxx01,duranri01
waburxx01,abreuwi01
maruuxx01,alouma01
rgyarxx01,garrere01
asupixx01,spearal01
jsutaxx01,stankjo01
lmakkxx01,mcfadle01
bmaruxx01,marcabo01
dpiitxx01,peterdi01
mmatexx01,mateoma01
dbaahxx01,verhadr01
dguraxx01,gladdda01
abaruxx01,baldiaa01
fdiasxx01,diazfe01
jsadixx01,sardijo01
cbaruxx01,barboch01
msutexx01,stairma01
rshiixx01,secrire01
jboukxx01,bowkejo01
muintxx01,wintema01
bgurixx01,griffbi01
cfiruxx01,fieldce01
jburuxx01,bloomja01
dmanexx01,moneydo01
mhoojxx01,holzema01
driosxx01,riosda01
suittxx01,withesh01
jmakkxx02,mccarjo01
rshiexx01,scheiri01
mresuxx01,restomi01
linchxx01,yingcli01
prakoxx01,lacocpe01
mkukkxx01,kochma01
muddoxx01,woodmi01
mgaabxx01,gerbemi01
resupxx01,espinra01
ebasuxx01,vasques01
kyuukxx01,youkike01
dsesaxx01,cesardi01
jshipxx01,sipinjo01
jkuraxx01,clarkje01
dmorexx01,morendi01
spattxx01,pattosp01
abusexx01,busenal01
jriidxx01,reidje01
jteinxx01,tinocje01
bchanxx01,chancbo01
breaaxx01,lairdbr01
gpaakxx01,pirklgr01
jbatoxx01,butlejo01
rnikoxx01,nichoro01
bbukyxx01,buchabr01
rkuruxx02,cruzra01
mzagaxx01,zagurmi01
jjoonxx01,jonesji01
jzuubxx01,zuberjo01
jnanaxx01,nunnajo01
mkuruxx01,kroonma01
jrojaxx01,rogerja01
rbetaxx01,betanra01
gpaarxx01,parrage01
emakuxx01,maclaev01
bshurxx01,schlibr01
berudxx01,eldrebr01
bkanixx01,canizba01
jfuraxx02,francju01
cnikoxx01,nitkoch01
kwashxx01,washike01
apozoxx01,pozoar01
tsukoxx01,scottta01
mboruxx01,bolsimi01
barekxx01,alexabo01
bfaruxx01,falkebr01
dguddxx01,goodwda01
fpoorxx01,paulife01
arodoxx01,rodriad01
buoorxx01,warrebr01
rbaruxx01,valdera01
fperexx01,perezfe01
mshurxx01,schulmi01
bwaiyxx01,wyattbi01
eradoxx01,ludwier01
hkuruxx01,cruzhe01
cshiixx01,seelbch01
jjakuxx01,jacksja01
darubxx01,alvarda01
csumixx01,smithch01
mpiipxx01,peoplmi01
tgerexx01,guerrta01
jmorixx01,morilju01
mkurexx01,krsnimi01
cburuxx01,breweco01
mmaikxx01,mikolmi01
sobanxx01,obandsh01
vpadixx01,padilvi01
rsupaxx01,speiery01
eureexx01,urenaes01
eoribxx01,olivaed01
myangxx01,youngmi01
dsukoxx01,scottda01
roorexx01,ohlenro01
jhaasxx02,hurstji01
bbarixx01,bullibr01
dmaruxx01,martido01
kmencxx01,menchke01
bmitcxx01,mitchbo01
jpiitxx01,peterja01
skuurxx01,coolbsc01
harumxx01,almonhe01
mhoruxx01,holtzmi01
atorexx01,tracyan01
lboitxx01,voitlu01
jhaatxx01,hardtja01
ejanxx01,yanes01
hkaraxx01,carrahe01
wchenxx01,chambwe01
bmanyxx01,manueba01
bribexx01,riverbe01
bgaruxx01,galveba01
mmakuxx01,mcguimi01
akyanxx01,candeal01
msumixx01,smithma01
troozxx01,rhodetu01
jmiraxx02,milleju01
bkuraxx01,klausbi01
lgaruxx01,garcilu01
khimexx01,jimenke01
mwatoxx01,watsoma02
kgaruxx01,garcika01
jbeirxx02,baylijo01
jwazuxx01,wasdijo01
luoorxx01,wallsle01
sdeebxx01,davissc01
lfanmxx01,vanmilo01
kmaraxx01,mulleky01
amachxx01,machaan01
gmaacxx01,martige01
lkaatxx01,cartela01
vharixx01,harrivi01
mjonsxx01,johnsma01
oromaxx01,romanor01
sramixx01,ramirsa01
jbaraxx01,balleja01
cruisxx01,lewisch01
jkoroxx01,koronjo01
jtaamxx01,turmaja01
tanroxx01,unroeti01
eteemxx01,thameer01
mwatoxx02,watsoma01
bbeisxx01,bathebi01
agaadxx01,gardnar01
dsupexx01,spencda01
wasutxx01,astudwi01
dparexx01,parendi01
zuiirxx01,wheelze01
bdeiexx01,dayetbr01
mguuixx01,gwynma01
bkurixx01,chrisbo01
lkasuxx02,castilu01
mniebxx01,nieveme01
jrisuxx01,lisjo01
bbankxx01,banksbr01
jtorexx03,tolenjo01
ssutoxx01,stroust01
mdankxx01,duncama01
bpinkxx01,pinckbi01
ctorexx01,tracych01
toosuxx01,austity01
mjonsxx02,johnsmi01
rramixx01,ramirro01
nmoogxx01,morgany01
jgusuxx01,guzmajo01
dmeixx01,mayda01
mburaxx03,brownma01
cbeirxx01,baileco01
ekyanxx01,campber01
lterexx01,terrelu01
jbottxx01,bottsja01
thaanxx01,hearnta01
hnoosxx01,northhe01
yperexx01,perezyo01
earauxx01,araujel01
aerunxx01,hernaan01
rarukxx01,alcanra01
lorutxx01,ortizlu01
mdeyuxx01,dupremi01
mdaamxx01,dermoma01
jburixx02,briggjo01
jbooaxx01,bourju01
cmaatxx01,martich01
creixx01,reaco01
dneirxx01,naylodr01
nmincxx01,minchna01
fkasuxx01,kostrfr01
buirixx02,willibr01
creisxx01,lathach01
eorumxx01,olmosed01
wuirixx01,williwa01
pgonzxx01,gonzapa01
jshuwxx01,schwaje01
aguruxx01,grunwal01
nraakxx01,larkeno01
npayaxx01,payanne01
dreesxx01,rajsida01
rjonsxx01,johnsra01
cmagixx01,mcgehca01
osaraxx01,salazos01
bgibuxx02,givenbr01
lbaanxx01,barnela01
thatcxx01,hatchth01
bkasuxx01,castibo01
cmeixx01,mayca01
cbaruxx02,valdeca01
earufxx01,alfoned01
ymendxx01,mendeyo01
mtonkxx01,tonkimi01
jmaraxx01,malavjo01
jfuroxx01,florejo01
duittxx01,whitmda01
eyangxx01,younger01
cokusxx01,oxsprch01
abaruxx02,baldoal01
bmadoxx01,madlobi01
duesuxx01,westda01
mpeitxx01,paytoma01
brodoxx02,rodribr01
bsumixx01,smithbu01
ahansxx01,hansoal01
lhaarxx01,harlola01
bneruxx01,nelsobr01
luoorxx02,walrole01
wjienxx01,llenawi01
emehixx01,mejiaer01
hmyuuxx01,meulehe01
rrizuxx01,lizra01
tburoxx02,burrote01
ssandxx01,sandesc01
epaamxx01,palmqed01
dgurixx01,greenda01
eramixx01,ramirem01
smakkxx01,macksh01
kraimxx01,reimeke01
jsantxx01,santaju02
meekaxx01,acrema01
cribexx02,riverca01
krooxx01,loeka01
smakuxx01,mcclasc01
lpootxx01,potelo01
ddentxx01,dentoda01
mbaruxx01,valdema02
sshiexx01,sheldsc01
tairuxx01,irelati01
ddisaxx01,desadi01
prebixx01,revilpe01
rgurixx01,glynnry01
ysoraxx01,solarya01
jtorexx01,tracyji01
btoraxx01,traxlbr01
aporexx01,poredaa01
sguraxx01,greisse01
ltoomxx01,thomale01
tdorixx01,drisktr01
nerubxx01,elvirna01
rdeebxx01,davisri01
ajoonxx01,jonesad01
cponsxx01,ponceca01
jhaamxx01,hermije01
rruiixx01,ruizra01
ogonzxx01,gonzaos01
greinxx01,reynogr01
jburaxx03,blashja01
skuupxx01,coopesc01
cbuucxx01,bootcch01
fkaraxx01,carabfr01
fkurexx01,crespfe01
jhakkxx01,jacomja01
jmashxx01,maciajo01
rpeenxx01,penara01
enabaxx01,navaref01
jkoruxx01,cordeji01
cnaimxx01,nymanch01
afirixx01,phillan01
dnebaxx01,neverdo01
akabuxx01,cabreal01
jsanzxx01,sandsje01
bkoorxx01,coreybr01
jromaxx01,romakja01
vrottxx01,rottivi01
rpetaxx01,petagro01
kbaadxx01,birdky01
jheruxx01,hellwjo01
bmakuxx02,macdobo01
bburixx01,britobe01
rheruxx01,hernara01
gariaxx01,ariasge01
mraiaxx01,ryalma01
aramixx01,ramiral01
dbukyxx01,buchada01
amiraxx01,miranar01
rberuxx02,beltrri01
oarusxx01,arciaos01
bshauxx01,shousbr01
droomxx01,lomando01
arongxx01,longal01
jhaasxx01,hurstjo01
eheruxx02,hernael01
eansoxx01,anthoer01
mgurixx01,greenmi01
puookxx01,walkepe01
dmakixx01,mackida01
eperexx01,perezed01
jtshaxx01,chargjo01
rmaruxx01,mulhery01
jburixx03,brighja01
bshikxx01,sikorbr01
grokkxx01,locklge01
rtonpxx01,thompry01
syuuixx01,ewingsa01
bteerxx01,taylobo01
rdorixx01,dolisra01
lgonzxx01,gonzalu02
dhansxx01,hanseda01
jtairxx01,tyronji01
jburaxx01,brownja01
jseruxx01,selfjo01
pkasuxx01,castepe01
dsafaxx01,sarfade01
jriifxx01,liefeje01
jwaadxx01,wardja01
smakuxx02,mcgousc01
lshiixx01,sheetla01
sraidxx01,lydysc01
craitxx02,wrighch01
sshiixx01,seabosc01
gsancxx01,sanchga01
mburaxx02,brownmi01
tburaxx01,brownto01
craruxx01,lerouch01
djjonxx01,johnsdj01
cruisxx02,lewisco01
mhesuxx01,hessmmi01
jhauzxx01,heuseji01
ctoorxx01,torreca01
criisxx01,resopch01
mneruxx01,nelsoma01
gbakkxx01,bacquge01
fmanixx01,mankofr01
bdikuxx02,dixonbr01
agerexx01,guerral01
dsantxx01,santado01
chafuxx01,huffmch01
jropexx01,lopezjo01
dpauexx01,powelde01
jrondxx01,rondojo01
ajoonxx02,jonesad01
bsuuixx01,sweenbr01
wbarexx01,balenwl01
mboudxx01,bowdemi01
dsutoxx01,stonede01
bkeppxx01,keppebo01
ghofuxx01,hoffmgu01
jkubexx01,kubenje01
wroodxx01,rowdowa01
fyashxx01,jaciufr01
efuraxx01,frances01
sderaxx01,delabst01
amaesxx01,maestal01
vchuuxx01,chulkvi01
cagiixx01,aguilch01
choruxx01,holtch01
cnaabxx01,narvech01
nuoruxx01,waltena01
koomixx01,ohmeke01
sparixx01,palysst01
posegxx01,osegupa01
bkozuxx01,kozlobe01
hderaxx01,delache01
mmaatxx01,murtoma01
mramuxx01,lummi01
snoijxx01,neusesh01
ederaxx01,delaceu01
ljakuxx01,jackslo01
jmiraxx01,millejo01
kasupxx01,asproke01
ajkooxx01,coleaj01
abaanxx01,burnsad01
jferixx01,felicju01
tyangxx01,youngti01
rmendxx01,mendero01
wsumixx01,smithwi01
bhansxx01,hansebo01
aarukxx01,alcanar01
tmakkxx01,mcintti01
dheruxx01,hernada01
agyarxx01,garread01
kkuroxx01,cronke01
abosuxx01,vothau01
jnikkxx01,nixja01
mcheixx01,chavimi01
surusxx01,ursosa01
josunxx01,osunajo01
lbiguxx01,bigbila01
mpataxx01,pattemi01
mshiexx01,sierrmo01
jkuroxx01,crawfjo01
mchirxx01,childma01
kmitcxx01,mitchke01
fbanixx01,bannifl01
nshiaxx01,schiena01
jnetoxx01,nettlji01
bbiinxx01,beanbi01
ymaruxx01,marteyu01
bboirxx01,voylebr01
sbawaxx01,bowersh01
sbaagxx01,bergmse01
aribexx01,riverad01
rdiaaxx01,deerro01
jbabixx01,barbiji01
pdoddxx01,dodsopa01
agurixx01,greenan01
rgatoxx01,guttori01
dkaarxx01,carlsda01
phaiaxx01,hiattph01
mkiioxx01,keougma02
jdentxx01,dantoja01
gkaraxx01,carragi01
tteirxx01,tilloth01
jkuorxx01,quallji01
fgaruxx03,galvifr01
srekkxx01,reccasa01
jrodoxx01,rodrijo01
bmakuxx01,mcnulbi01
lfiruxx01,filkile01
cmontxx01,monteco01
sramuxx01,rumst01
ebaruxx01,valdeed01
bheegxx01,hagenbr01
apauexx01,powelal01
jmaruxx03,marteje01
jgusuxx02,guzmaje01
prefuxx01,leftwph01
mburaxx04,brantmi01
asuarxx01,suareal01
rgazexx01,gsellro01
zniirxx01,nealza01
dhiisxx01,heathde01
jjonsxx01,johnsja01
cmanixx01,manuech01
pmahoxx01,mahompa01
fagurxx01,agcaofr01
rrodoxx01,rodriro01
jmenexx01,menesjo01
thojjxx01,hodgetr01
mfoodxx01,fordmi01
dburaxx01,brownde01
lakiixx01,aquinlu01
kabotxx01,abbotky01
rrabexx01,ravelra01
dhafuxx01,huffda01
lfoodxx01,fordle01
asancxx01,sanchan01
ghansxx01,hansegr01
tbaatxx01,birtsti01
mrainxx01,reinbmi01
dhorixx01,hollida01
jmakkxx01,mcmanji01
rjoonxx01,jonesru01
jrafixx01,lefebji01
sdenixx01,dennish01
bseruxx01,selbybi01
cburaxx02,brazecr01
dbussxx01,bussado01
garutxx01,altmage01
tmasuxx01,mastnto01
brodoxx01,rodribo01
aseraxx01,seratan01
dmoruxx01,molledu01
braabxx01,raabebr01
tdankxx01,duncata01
bburexx01,bredebr01
wappuxx01,upshawi01
tsorexx01,solaito01
csataxx01,satteco01
ediasxx01,diazed01
rgeinxx01,gaineru01
jtehaxx01,tejadju01
shainxx01,heinesc01
phoitxx01,foytapa01
fderaxx01,delacfe01
maburxx01,abreumi01
hpenxx01,pennha01
rboogxx01,vogelry01
kjonsxx01,johnskr01
hrunaxx01,lunahe01
trindxx01,lindeto01
fkasuxx02,castifa01
rbachxx02,batchri01
bboiyxx01,boyerbl01
roosuxx01,austiri01
dbiroxx01,belowdu01
jeidexx01,adairje01
eyangxx02,jungeer01
jgankxx01,gunkejo01
rkoojxx01,coseyra01
fjonsxx01,johnsfr01
dburixx01,briggda01
tbettxx01,bettsto01
csedoxx01,seddoch01
jhauexx01,howelja01
odesuxx01,destror01
pbaanxx01,burnspe01
rsantxx01,santoro01
kjaabxx01,jarvike01
jbaafxx01,barfije01
bmiraxx01,milacbo01
jbarixx01,barryje01
dbauaxx01,maibadi01
brajixx01,raggibr01
adikaxx01,dickeal01
lkairxx01,kielyle01
fgaruxx01,garcifr01
mmaasxx01,marshmi01
rbaasxx01,bassra01
sdoomxx01,dohmasc01
jyanxx01,yanje01
rkuruxx03,cruzrh01
jboorxx01,ballje01
jhikkxx01,hicksji01
shawaxx01,howarsp01
pgiruxx01,guilmpr01
jmaasxx01,marshji01
mromaxx01,romanmi01
cborexx01,bolesca01
dgonzxx01,gonzada01
dhaatxx01,hartgde01
gkyapxx01,kaplega01
tkookxx01,corcoti01
sfabixx01,fabiasa01
hbokaxx01,bocachi01
cbiyaxx01,villach01
sdaguxx01,douglse01
rrorixx01,lolicro01
wobisxx01,obispwi01
djonsxx02,johnsda01
gfuraxx01,franzge01
ghopuxx01,hopkiga01
tmuuaxx01,mooretr01
bmaacxx01,martibi01
cpegexx01,pegueca01
mkinixx01,kinnema01
jbeirxx01,balejo01
buirixx01,willibe01
tbiidxx01,beedety01
bpiitxx01,peterbu01
lkanpxx01,campole01
chookxx01,hawkico01
tbaanxx01,barneto01
jdoirxx01,doyleje01
lsancxx01,sanchlu01
fboorxx01,bolicfr01
jmantxx01,mantoje01
rransxx01,lanceri01
duoruxx01,waltoda01
kbaruxx01,vargake01
dorutxx01,aultdo01
ckaapxx01,carpech01
mfiarxx01,fyhrimi01
jhowaxx01,whiteje01
mpaguxx01,paglimi01
ehiruxx01,hillmer01
rboruxx01,boltoro01
kreguxx01,regnaky01
jbiizxx01,beaslje01
mbaruxx02,vargama01
rruupxx01,rupery01
rbarexx01,barreri01
jbosuxx01,vosleja01
bkurixx02,kriskbr01
tburyxx01,breweto01
mkinkxx01,kinkami01
thyuuxx01,hughetr01
tebanxx01,evansto01
msoroxx01,solommi01
karenxx01,allenki01
fgaruxx02,garcefr01
rshuuxx01,schuri01
bdakkxx01,duckwbr01
jmakexx01,mccabji01
wfurexx01,frasewi01
rkasuxx01,castiru01
sfokkxx01,foxst01
mburoxx01,brouhma01
fruisxx01,lewisfr01
rkukkxx01,cookry01
bmarexx01,mallebr01
jwagexx01,wagueja01
mkuraxx01,clarkma01
wredexx01,ledezwi01
rdeebxx02,davisro01
jaikexx01,eicheju01
juirixx02,willije01
juirixx01,williji01
frikkxx01,rickfr01
jraitxx01,lyttlji01
caanoxx01,arnolch01
guiruxx01,wilsoge01
esotoxx01,sotoen01
ashirxx01,ciriaau01
rhadoxx01,hudlere01
nrodoxx01,rodrine01
jagirxx01,aguilje01
jbaamxx01,baumeji01
dshurxx01,schuldo01
bogurxx02,ogradbr01
tburoxx01,brosste01
bhaapxx01,harpebr01
mdomixx01,dominma01
rramixx02,ramirra01
abanhxx01,vanhean01
bniimxx01,niemabo01
ikuroxx01,krolia01
crodoxx01,rodrich01
criixx01,leeco01
tnebixx01,nevinty01
areruxx01,lerewan01
ntaarxx01,turleni01
jpachxx01,pacioji01
cgaruxx01,galvacl01
dbishxx01,vicieda01
jresuxx01,leicejo01
hmehixx01,mejiahu01
ereinxx01,reynoed01
kshakxx01,shackke01
jmaabxx01,marveja01
jbuenxx01,wendejb01
rjreixx01,reynorj01
jsukoxx01,scottjo01
freiexx01,reyesfr01
rburexx01,brasiry01
agomexx01,gomezal01
mhowaxx01,whitema02
vpasuxx01,pascuva01
cferuxx01,fernach01
gkaruxx01,culvege01
asandxx01,sandean01
mkoorxx01,coreyma01
jhankxx01,hancoju01
rpedoxx01,pedraro01
rgosexx01,gossari01
fguraxx01,gracefr01
jgeinxx01,gainejo01
enottxx01,knotter01
mguraxx01,gulanmi01
ltanexx01,tunnele01
jdiasxx01,diazjo01
tkyabxx01,cabbatr01
rburaxx02,brownro01
bboukxx01,boiscbr01
mdenixx01,deninmi01
tniirxx01,neeltr01
lferuxx01,fernalu01
aeibaxx01,abadan01
cbaruxx03,vargace01
ybetaxx01,betanyu01
tsurexx01,sledgte01
lparixx01,parrila01
jmaruxx01,malooja01
smoyaxx01,moyast01
asuarxx02,suarean01
jadouxx01,adducji01
mhoorxx01,hallme01
hpurixx01,pulliha01
jbidoxx01,biddlje01
lperuxx01,perdolu01
emontxx01,montiem01
kmikoxx01,mickoka01
hburixx01,breedha01
lburixx01,brinsle01
mburoxx04,brossmi01
jootexx01,ortizjo01
trobuxx01,robsoto01
ppeinxx01,paineph01
yburaxx01,brazoyh01
eesukxx01,escobed01
erodoxx01,rodriel01
ldobixx01,dobyla01
cribexx01,riverca02
lsutaxx01,stantle01
nmaruxx01,martini01
drazuxx01,rasneda01
azabaxx01,zabalan01
wrubuxx01,leblawa01
jrozaxx01,rosarji01
rpenbxx01,pemberu01
rorusxx01,olsenri01
muinxx01,wynnema01
graroxx01,larocgr01
ikuruxx01,cruziv01
thaapxx01,harpete01
bkurexx01,cramebo01
rtatexx01,tatisra01
gsuchxx01,stephge01
egyarxx01,gailled01
dmashxx01,mathido01
tperexx01,perezti01
djonsxx01,johnsda02
bjakoxx01,jacobbr01
auiruxx01,wilkeaa01
lmeroxx01,merlolo01
bsoorxx01,sorrebi01
dmaafxx01,murphdw01
wdeebxx01,daviswi01
tmyuuxx01,muserto01
juiirxx01,wielajo01
mkiioxx02,keougma01
londoxx01,ondrulo01
mkekixx01,kekicmi01
jsantxx02,santaju01
pranbxx01,lambepe01
pkookxx01,cokeph01
skokkxx01,coxst01
aesukxx01,escobal01
eheruxx01,germaes01
gmosuxx01,moscogu01
thigixx01,higgity01
wkuroxx01,cromawa01
mraibxx01,livelmi01
dkoorxx01,colesda01
djakuxx01,jacksda01
ihanpxx01,hamptik01
bnaitxx01,knighbr01
gburaxx01,bragggl01
nebanxx01,evansni01
myafuxx01,yajurmi01
gbukoxx01,vukovge01
kbaanxx01,beirnke01
rmakuxx01,mcbrory01
jteetxx02,tatumji01
jrafixx02,ruffijo01
bboguxx01,bogusbr01
akeixx01,kayan01
cponsxx02,ponceco01
ariguxx01,riggsad01
ynabaxx01,navarya01
mburoxx03,broadmi01
pbaruxx01,valdepe01
ekoodxx01,cordier01
fhawaxx01,howarfr01
rsupixx01,spilbry01
yrodoxx01,rodriya01
vgaraxx01,garatvi01
fsepexx01,cepedfr01
jreixx01,rayjo01
afigaxx01,figaral01
mfuraxx03,francma01
djimaxx01,zimmedo01
jtonpxx01,thompja01
jparixx01,paredjo01
dandaxx01,anderdr01
miisuxx01,easlemi01
nuiruxx01,wilsoni01
kguroxx01,grosski01
yererxx01,herreyo01
jpaarxx01,parrajo01
fkogixx01,coggifr01
cfossxx01,fossuca01
fbainxx01,bynumfr01
sromexx01,romerst01
mandoxx01,andremi01
lkasuxx01,kaspale01
pdeedxx01,dadepa01
bogurxx01,oglivbe01
lgonzxx02,gonzalu02
duirixx02,willida01
cranbxx01,lambich01
jferuxx01,fernajo01
jbitexx01,vitiejo01
btoorxx01,tolanbo01
fkaraxx02,carrafe01
shamoxx01,hammost01
brahexx01,lahaibr01
lropexx02,lopezlu01
rbachxx01,batisra01
rnanixx01,nanitri01
jruukxx01,luekejo01
mhofuxx01,hoffpmi01
craitxx01,wrighcl01
thankxx01,hankite01
khojjxx01,hodgeke01
agaiexx01,guielaa01
hmeruxx01,mercahe01
fhaamxx01,herrmfr01
fkyabxx01,cabrefr01
rrosaxx02,rosarra01
trobuxx02,lovulto01
jburaxx02,broweji01
lmuutxx01,moutoly01
kmaatxx01,martiky01
gamaaxx01,ammange01
rberuxx01,bertore01
zarumxx01,almonzo01
ddosuxx01,dosteda01
sjonsxx01,johnsst01
rderaxx01,delarru01
dhiruxx01,hiltoda01
emontxx02,monteel01
hbatoxx01,battlho01
lmirexx01,millela01
ryangxx01,youngra01
dremoxx01,lemondo01
jkoraxx01,corrajo01
jesupxx01,espadjo01
mbancxx01,bunchme01
pburaxx01,bradlph01
wpaakxx01,parkewe01
rsuarxx01,suarero01
ssupexx01,spencsh01
mbanyxx01,banuema01
ppattxx01,putnapa01
dhoojxx01,hoseydw01
rpintxx01,pintore01
djkarxx01,carradj01
mdafixx01,duffyma01
jrinaxx01,linarju01
anyuuxx01,newmaal01
ctoomxx01,thomaco01
croorxx01,lawreca01
dsuchxx01,stuardi01
fromexx01,romerfe01
mdiazxx01,diazmi01
rorerxx01,orellra01
lsuchxx01,stevele01
tdoirxx01,doylete01
rmaiyxx01,myersro01
wobamxx01,obermwe01
sfaifxx01,fifest01
bjoonxx01,jonesbo01
jrigaxx01,riggaje01
tdeibxx01,daveyto01
sburexx01,bullesc01
rgeirxx01,galeri01
ydorexx01,drakeya01
mkaraxx01,carasma01
briicxx01,leachbr01
pmissxx01,mischpa01
rroozxx01,rosero01
lmaruxx01,martilu01
jrindxx01,lindja01
smarexx01,mullesc01
mbaakxx01,birkbmi01
jmiesxx01,miesejo01
dmisexx01,micelda01
aesupxx01,espinan01
jsumoxx01,smoakju01
mdebixx01,davidma01
rorutxx01,ortizra01
nneruxx01,nelsoni01
djiixx01,geedi01
gribexx01,riverge01
jbonixx01,bonnija01
jsoosxx01,sosajo01
dhowaxx01,whitede01
jshaixx01,scheija01
rdiasxx01,diazra01
wrosaxx01,rosarwi01
cfuddxx01,hoodch01
euirixx01,willied01
graitxx01,wrighge01
kmiraxx01,milleku01
bkaarxx01,carlybu01
arojaxx01,rodgean01
lkuruxx01,cruzlu01
jjamaxx01,germaju01
jfirixx01,phillja01
jnyuuxx01,newbeji01
wgyarxx01,garrewa01
zpetoxx01,petriza01
rmessxx01,messera01
cburoxx01,brockch01
ndipuxx01,diplana01
pjonsxx01,johnspi01
bhoonxx01,hornebo01
aechexx02,hechaad01
dkabuxx01,cabreda01
rjiefxx01,jeffere01
lgonsxx01,gonzalu01
landaxx01,anderle01
wmadoxx01,madriwa01
muesuxx01,westma01
cmenexx01,menezco01
jdeyuxx01,duplajo01
mferixx01,felizmi01
jamadxx01,amadoja01
lmendxx01,mendolu01
rburaxx01,bryanra01
asutexx01,stevean01
pfuryxx01,flurypa01
amaiexx01,myettaa01
zfirixx01,phillza01
cemerxx01,emeryca01
jguraxx01,graboja01
kmokkxx01,machake01
jnikoxx01,vidaljo01
wkaakxx01,kirklwi01
sresuxx01,lezcasi01
rmorexx01,morelra01
jdaunxx01,downsje01
csupaxx02,spangco01
jkottxx01,cottojh01
bgibuxx01,gibsobo01
lmoinxx01,moineli01
oteimxx01,timmooz01
pabirxx01,avilape01
rsutaxx01,staniro01
cmarexx01,marrech01
tmaunxx01,mouncto01
ckearxx01,carych01
jmaruxx04,marmojo01
gporaxx01,polangr01
jtorexx02,trabeji01
bmiruxx01,millsbr01
rbotoxx01,bottlro01
jfuraxx01,francju02
jdiroxx01,dillojo01
jpirexx01,pireljo01
msantxx01,santima01
dseraxx01,serafda01
bbarexx01,valerbr01
burufxx01,wolfebr01
lsedexx01,cedenle01
jedowxx01,edwarjo01
dmotoxx01,motleda01
aropexx01,lopezar01
adesuxx01,despaal01
mragaxx01,lagami01
ruirixx01,willira01
mkuroxx01,crottmi01
snorixx01,nolinse01
ajakuxx01,jacksan01
ckaatxx01,cartech01
ajintxx01,zinteal01
yguraxx01,graciyu01
jradoxx01,ladraja01
btsuixx01,tweedbr01
jpepixx01,pepitjo01
jbaabxx01,barbajo01
jreibxx01,ravinjo01
zberuxx01,versazo01
mgonzxx01,gonzama01
kkeraxx01,kelleky01
jsutaxx02,standja01
cgissxx01,gissech01
zrattxx01,lutzza01
fbarexx01,valenfr01
rkuruxx01,kreugri01
jroogxx01,loganjo01
amurixx01,murilag01
lropexx01,lopezlu02
mreinxx01,reynoma01
jwaahxx01,werhajo01
rburyxx01,brewero01
gsupaxx01,sparkgl01
agaruxx01,garcian01
mmuuaxx01,moorema01
rmahixx01,mejiaro01
wfurixx01,flyntwi01
msokoxx01,socolmi01
ashiixx01,sheetan01
dnyuuxx01,newcodo01
tanbaxx01,amburtr01
lguurxx01,gulinli01
bshigxx01,thigpbo01
lriirxx01,leele02
gtomaxx01,thomaga01
rnunixx01,nunezre01
jkasuxx01,castijo01
drandxx01,lundqda01
mheigxx01,haguema01
craiaxx01,ryancr01
mfuraxx02,francma02
bdisuxx01,distebe01
mandoxx02,andrima01
rrosaxx01,rosarra02
teppuxx01,epplety01
vdiasxx01,diazvi01
auookxx01,walkead01
lhimexx01,jimenlu01
gguroxx01,glovega01
mshuuxx01,shoemma01
lperexx01,perezlu01
aechexx01,echevan01
treixx01,leyte01
wpeenxx01,mopenwi01
pkuraxx02,kleinph01
carenxx01,allench01
cjoonxx01,jonescl01
lmaatxx01,martile01
lreinxx01,rainela01
jfiirxx01,fieldjo01
tburaxx03,blacktr01
gjonsxx01,johnsgr01
fmiyaxx01,millafe01
ebarexx01,valener01
fshuuxx01,schwifr01
rdehaxx01,deharri01
lsepuxx01,septile01
dhengxx01,hengeda01
jpiaaxx01,piercja01
duiruxx01,wilsode01
tbanaxx01,bernato01
tbatexx01,batisto01
earumxx01,almoner01
nririxx01,liriane01
jburixx01,brittjo01
ggaruxx01,garcigu01
mburoxx02,blowemi01
jparaxx01,paredji01
fgurixx01,grifffo01
sasebxx01,acevest01
tyangxx02,jungmta01
ginooxx01,ynoaga01
moniixx01,oneilma01
pkuraxx01,clarkph01
pferixx01,felicpe01
dbyufxx01,bufordo01
mbaakxx02,burkhmo01
gmikexx01,mickegl01
buoruxx01,wolcobo01
dgonzxx03,gonzadi01
densuxx01,ennsdi01
duirixx01,willida02
rsumixx01,smithre01
vsutaxx01,starfvi01
aguraxx01,gramaal01
jdouuxx01,dooleji01
egonzxx01,gonzaen01
mjoonxx01,jonesmi01
ygurixx01,gurriyu01
kreixx01,rayke01
kdeibxx01,davieky01
vmaruxx01,martevi01
jzurexx01,zuletju01
akesaxx01,quesaal01
jtoomxx01,thomaju01
ashiaxx01,cianfar01
okarixx01,calixor01
troinxx01,roigto01
rsancxx01,sanchro01
sjieexx01,jamessk01
makosxx01,acostma01
rraiaxx01,ryalru01
smashxx01,mathisc01
jkabuxx01,cabrejo01
shinjxx01,shinjts01
suzukhi06,suzukta02
ichirxx01,suzukic01
saburxx01,omurasa01
shuutxx01,tanaksh02
katsuxx01,nomurka02
hidetxx01,kuramhi01
makkuxx01,suzukma02
kitatxx01,kidago01
ggsatxx01,satota03
teppexx01,tsuchte01
michexx01,nakamma02
tokadxx01,okadata01
fusush01,ukisush01
saitoka03,saitoka02
houraak01,horaiak01
yoshixx01,chinyo01
kenshxx01,kawagke01
koutaxx01,yoshiko03
akichxx01,yamadak01
ryuutxx01,tsujiry01
mizukxx01,tanakmi02
ryuutxx02,doiry01
ikkixx01,shimaik01
ryoutxx01,katory02
yukixx01,satohyo01
taketxx01,moritjo01
hyuumxx01,matsuhy01
ggotota01,gotota01
gg01,gonzage01
ksuzuxx01,suzukko01
liaoni01,ryaore01
nakagsa01,nakagha03
hirosry02,hirosry01
asamata01,asamada01
anrakto02,anrakto01
kaseito01,kaseto01
okake01,tsuruke01
shueki01,kuwahta01
hayatxx01,nakamha01
kobayxx01,kobayma01
yokotsu02,yokotsu01
miyazko01,miyazhi02
tezukme01,tezukte01
kuukoya01,kodamya01
umemoma03,umemoma02
kaaruxx01,handaha01
jimutxx01,gentiji01
lriixx01,leele02
deniixx01,dento01
tbaakxx01,vanbuty01
ruiggxx01,wieliri01
juiruxx01,wilsoji01
panchxx01,satoka02
rchekxx01,checoro01
jookoxx01,furukyu05
cdxx01,donnech01
asorixx01,soriaal01
samusl01,leesa01
yuugoxx01,amanoyu01
ttaraxx01,tarasan01
hmincxx01,mingchs01
mrandxx01,randema01
dmeixx02,mayde01
dtkurxx01,cromedt01
yuuicxx01,matsuyu06
sedorb01,bowerce01
bmiadxx01,miadijb01
deimom01,shimima02
djhooxx01,houltde01
daasuro01,dsuro01
baanaxx01,burnhga01
jfioxx01,fioreje01
jioa01,alvargi01
jmunixx01,munizju01
dsorixx01,soriadi01
jddaaxx01,adamdjo01
untenjo02,untenjo01
rferuxx01,fernara01
buradb01,bergebr01
kirak01,kaaihki01
ebarixx01,barried01
aaburxx01,abreuab01
hmendxx01,mendohe01
migerm01,mejiami01
xbatexx01,batisxa01
amehixx01,mejiaal01
jmaruxx02,martijo01
ccmerxx01,mercecr01
amaruxx01,martiar01
imotaxx01,motais01
rkoruxx01,corniro01
suchuxx01,stewajr01
jansew01,witteja01
ytabaxx01,tavaryo01
mfuruxx01,chlupma01
fpeldxx01,perdofe01
tuudzxx01,woodsty01
lromexx01,romerle01
rzaraxx01,zaratro01
ansoxx01,cartean01
oskarxx01,nakaoos01
jgaruxx01,adolijo01
sadamxx01,adamesa01
rmaruxx01,martira02
okoraxx01,colasos01
rohajxx01,rojasme01
lwakamxx01,wakamlu01
ydiasxx01,diazyo01
hmarsxx01,marceha01
ccliixx01,leech01
fperuxx01,perdofe01
tuzzuxx01,woodsty01
ansonxx01,cartean01
osukaxx01,nakaoos01
ccriixx01,leech01
rmaruxx02,martira02
rohasxx01,rojasme01
lwakaxx01,wakamlu01
hmaruxx01,marceha01
kiyoxx01,sugimki01
yuukixx01,tanakyu02
tomokxx01,satoto01
jbonnxx01,bonneji01
